,cpd
0,C17351
1,C21176
2,C20898
3,C02888
4,C00971
5,C11935
6,C03519
7,C12246
8,C18631
9,C21236
10,C18280
11,C00545
12,C21409
13,C20450
14,C12102
15,C20381
16,C02163
17,C04421
18,C16151
19,C18076
20,C05554
21,C05276
22,C10722
23,C11875
24,C05341
25,C16388
26,C02798
27,C00027
28,C06696
29,C02763
30,C17974
31,C06664
32,C11969
33,C01953
34,C05212
35,C04853
36,C19974
37,C04037
38,C05688
39,C06364
40,C18274
41,C11453
42,C15770
43,C17224
44,C04688
45,C17345
46,C09782
47,C19799
48,C17227
49,C20445
50,C06656
51,C00526
52,C01935
53,C00963
54,C08323
55,C11885
56,C17694
57,C02079
58,C16201
59,C21321
60,C14604
61,C16708
62,C07648
63,C21567
64,C17244
65,C06188
66,C04076
67,C17377
68,C16688
69,C00553
70,C00364
71,C00642
72,C11829
73,C10208
74,C21256
75,C18005
76,C19687
77,C00631
78,C16320
79,C05484
80,C20700
81,C12003
82,C03541
83,C05840
84,C16233
85,C06675
86,C14540
87,C18239
88,C04635
89,C07601
90,C00098
91,C05200
92,C16146
93,C06593
94,C05974
95,C03427
96,C05501
97,C02501
98,C12383
99,C11962
100,C00763
101,C21316
102,C19759
103,C00103
104,C00179
105,C11407
106,C20372
107,C11997
108,C15969
109,C01724
110,C20574
111,C13638
112,C05513
113,C00323
114,C17692
115,C16189
116,C00035
117,C16615
118,C02939
119,C01151
120,C11996
121,C06019
122,C21126
123,C16395
124,C02962
125,C20896
126,C18002
127,C12043
128,C06215
129,C14099
130,C03585
131,C00536
132,C06234
133,C11677
134,C15813
135,C05451
136,C12623
137,C11680
138,C20886
139,C16420
140,C11869
141,C02669
142,C03955
143,C15545
144,C20889
145,C01455
146,C15903
147,C05892
148,C02282
149,C13632
150,C00045
151,C01752
152,C06231
153,C04640
154,C17203
155,C18357
156,C21247
157,C00566
158,C00386
159,C17549
160,C16344
161,C07656
162,C15867
163,C20994
164,C13625
165,C07720
166,C16198
167,C05223
168,C01613
169,C18305
170,C02576
171,C13425
172,C06197
173,C02350
174,C05322
175,C05275
176,C07836
177,C14156
178,C21206
179,C01013
180,C16267
181,C05441
182,C05819
183,C06548
184,C15888
185,C01944
186,C05191
187,C21127
188,C12155
189,C02920
190,C04185
191,C06124
192,C16448
193,C01823
194,C02824
195,C14117
196,C01708
197,C12380
198,C04604
199,C06213
200,C00003
201,C11954
202,C19975
203,C16671
204,C14795
205,C00105
206,C16318
207,C20181
208,C05130
209,C00556
210,C00460
211,C06616
212,C14143
213,C00087
214,C14824
215,C20375
216,C18678
217,C05345
218,C14096
219,C16153
220,C00007
221,C16322
222,C15858
223,C11998
224,C19830
225,C21013
226,C01598
227,C11992
228,C00116
229,C16441
230,C00022
231,C00429
232,C19945
233,C21363
234,C01672
235,C05672
236,C18796
237,C01516
238,C05977
239,C04712
240,C11130
241,C12448
242,C00232
243,C18684
244,C04773
245,C20571
246,C05841
247,C11508
248,C21133
249,C20913
250,C04666
251,C16697
252,C03990
253,C09189
254,C18216
255,C08613
256,C17554
257,C04916
258,C00433
259,C12370
260,C02465
261,C20940
262,C05775
263,C19835
264,C00307
265,C02985
266,C17976
267,C05747
268,C03402
269,C05703
270,C12000
271,C11434
272,C20422
273,C20359
274,C05399
275,C06202
276,C01194
277,C00032
278,C00361
279,C12413
280,C01110
281,C11409
282,C06113
283,C21094
284,C05442
285,C05141
286,C02348
287,C06207
288,C07728
289,C02078
290,C11461
291,C16522
292,C19853
293,C21195
294,C02739
295,C02237
296,C18306
297,C14120
298,C01847
299,C06178
300,C11956
301,C04376
302,C12405
303,C16481
304,C05545
305,C21228
306,C17651
307,C04598
308,C15922
309,C00341
310,C11435
311,C00062
312,C14772
313,C21093
314,C20254
315,C00868
316,C01036
317,C16330
318,C05565
319,C02106
320,C01342
321,C05959
322,C12325
323,C13628
324,C21012
325,C00965
326,C11959
327,C21269
328,C00630
329,C20327
330,C03619
331,C20794
332,C00154
333,C02320
334,C19845
335,C15814
336,C03273
337,C00175
338,C05777
339,C06435
340,C06661
341,C01163
342,C09707
343,C06429
344,C08606
345,C21356
346,C07211
347,C20138
348,C15700
349,C06607
350,C04677
351,C18104
352,C05749
353,C12350
354,C09190
355,C16638
356,C03827
357,C14717
358,C07723
359,C08300
360,C10632
361,C05122
362,C12835
363,C18034
364,C01832
365,C21452
366,C15650
367,C11429
368,C05280
369,C18846
370,C02477
371,C00042
372,C04178
373,C14110
374,C00576
375,C06066
376,C00474
377,C04479
378,C18259
379,C01241
380,C05776
381,C01186
382,C06026
383,C04484
384,C08491
385,C01181
386,C15966
387,C03205
388,C06029
389,C18330
390,C00800
391,C04778
392,C20252
393,C21018
394,C21749
395,C12313
396,C15941
397,C00575
398,C12037
399,C00951
400,C06171
401,C12395
402,C15797
403,C12459
404,C00132
405,C04044
406,C20200
407,C00964
408,C02474
409,C03657
410,C01344
411,C06079
412,C06071
413,C06336
414,C06187
415,C20882
416,C20444
417,C02291
418,C11984
419,C21103
420,C10126
421,C02637
422,C06620
423,C17367
424,C01412
425,C14100
426,C06098
427,C02336
428,C21327
429,C00173
430,C14724
431,C00684
432,C00881
433,C02262
434,C02046
435,C11972
436,C01249
437,C00745
438,C05437
439,C00748
440,C01216
441,C18349
442,C20373
443,C20526
444,C05699
445,C12469
446,C09382
447,C11918
448,C06397
449,C03078
450,C03921
451,C06163
452,C21634
453,C19617
454,C11700
455,C11447
456,C21134
457,C00092
458,C04590
459,C05449
460,C06314
461,C02892
462,C00862
463,C15884
464,C19725
465,C04043
466,C02727
467,C03492
468,C18303
469,C07118
470,C06069
471,C16843
472,C17654
473,C05556
474,C21353
475,C18028
476,C20277
477,C11783
478,C02835
479,C06655
480,C05445
481,C16262
482,C00001
483,C17993
484,C01959
485,C00999
486,C00680
487,C12367
488,C11919
489,C16479
490,C21759
491,C03740
492,C00231
493,C06628
494,C21267
495,C05266
496,C12203
497,C00131
498,C06651
499,C11850
500,C03164
501,C05392
502,C06433
503,C16059
504,C04409
505,C21511
506,C11942
507,C18337
508,C00163
509,C19881
510,C18263
511,C06676
512,C14780
513,C18111
514,C03241
515,C00540
516,C02235
517,C17322
518,C14820
519,C15681
520,C05641
521,C05785
522,C02713
523,C20135
524,C21219
525,C04225
526,C19871
527,C19752
528,C13747
529,C05843
530,C05581
531,C06505
532,C00448
533,C20140
534,C05695
535,C00295
536,C09814
537,C01056
538,C01035
539,C19684
540,C00435
541,C06522
542,C20651
543,C16741
544,C00601
545,C06705
546,C04517
547,C20607
548,C14833
549,C20666
550,C17356
551,C00207
552,C08418
553,C02105
554,C01217
555,C00865
556,C06329
557,C19787
558,C03692
559,C17570
560,C05519
561,C17697
562,C01346
563,C11426
564,C16525
565,C04793
566,C03319
567,C12415
568,C18215
569,C03548
570,C18059
571,C16055
572,C01099
573,C20551
574,C20120
575,C06424
576,C12401
577,C01753
578,C05660
579,C17209
580,C21357
581,C11952
582,C16269
583,C18123
584,C21250
585,C20657
586,C12136
587,C11249
588,C01596
589,C18110
590,C06715
591,C04805
592,C10783
593,C19795
594,C00082
595,C01457
596,C14807
597,C06680
598,C05675
599,C08565
600,C00242
601,C19683
602,C14769
603,C20810
604,C00167
605,C05766
606,C01168
607,C05636
608,C15515
609,C18236
610,C05488
611,C00031
612,C09183
613,C09815
614,C09666
615,C00822
616,C11995
617,C01259
618,C19753
619,C02298
620,C04045
621,C05859
622,C20881
623,C00012
624,C05981
625,C18251
626,C21152
627,C11842
628,C02480
629,C00133
630,C04732
631,C03785
632,C05580
633,C02135
634,C05697
635,C05165
636,C01142
637,C11420
638,C16712
639,C00624
640,C00813
641,C21752
642,C06080
643,C16589
644,C11898
645,C20535
646,C20529
647,C18835
648,C13621
649,C00884
650,C21284
651,C12409
652,C00493
653,C11272
654,C06050
655,C05829
656,C11879
657,C16170
658,C00033
659,C05726
660,C16211
661,C06128
662,C07475
663,C21076
664,C21343
665,C20929
666,C11588
667,C16241
668,C00212
669,C16664
670,C02989
671,C06614
672,C05783
673,C03206
674,C18338
675,C03160
676,C17971
677,C03451
678,C00510
679,C21168
680,C06232
681,C03087
682,C02934
683,C21361
684,C05654
685,C11886
686,C00843
687,C17252
688,C15794
689,C01498
690,C01817
691,C04556
692,C11980
693,C00568
694,C07727
695,C02775
696,C12491
697,C05951
698,C08316
699,C01069
700,C00380
701,C05758
702,C11300
703,C16421
704,C00937
705,C04573
706,C17708
707,C06174
708,C02375
709,C05669
710,C16285
711,C19694
712,C14766
713,C18261
714,C18321
715,C18117
716,C01290
717,C04672
718,C01077
719,C14818
720,C16633
721,C06990
722,C01131
723,C18092
724,C03656
725,C00006
726,C03862
727,C06304
728,C20528
729,C10164
730,C16247
731,C12437
732,C18685
733,C20876
734,C01233
735,C17693
736,C06674
737,C00249
738,C19755
739,C00117
740,C02091
741,C11542
742,C11809
743,C18157
744,C00639
745,C02372
746,C00712
747,C05847
748,C16568
749,C05174
750,C14909
751,C01345
752,C18304
753,C14813
754,C12418
755,C14401
756,C19797
757,C06056
758,C05608
759,C17230
760,C06416
761,C06671
762,C20507
763,C18027
764,C11841
765,C20821
766,C16357
767,C16254
768,C07490
769,C20500
770,C06612
771,C01063
772,C01024
773,C02247
774,C21485
775,C03508
776,C00344
777,C18229
778,C14298
779,C05782
780,C20848
781,C17997
782,C20396
783,C04785
784,C06646
785,C06173
786,C05546
787,C20423
788,C06482
789,C21278
790,C04832
791,C20270
792,C03826
793,C20199
794,C21325
795,C20931
796,C20820
797,C16226
798,C11976
799,C13626
800,C05645
801,C05656
802,C14765
803,C21029
804,C00931
805,C15685
806,C05774
807,C11874
808,C00922
809,C12436
810,C06082
811,C05831
812,C03793
813,C12420
814,C14826
815,C17228
816,C05179
817,C11845
818,C11400
819,C12248
820,C19947
821,C13629
822,C14095
823,C20921
824,C17704
825,C11632
826,C06767
827,C12394
828,C04488
829,C08426
830,C05984
831,C01726
832,C05263
833,C17962
834,C16477
835,C06000
836,C14084
837,C01204
838,C05560
839,C21293
840,C07544
841,C21570
842,C00224
843,C12080
844,C18279
845,C00855
846,C01500
847,C21211
848,C17740
849,C06186
850,C00580
851,C01929
852,C16217
853,C02280
854,C00350
855,C14519
856,C21298
857,C05921
858,C05767
859,C00009
860,C08735
861,C16208
862,C18221
863,C21011
864,C05912
865,C18218
866,C18153
867,C05824
868,C00757
869,C04593
870,C21322
871,C00940
872,C11922
873,C20385
874,C18360
875,C16345
876,C16562
877,C21254
878,C01674
879,C18151
880,C05620
881,C02185
882,C05400
883,C18036
884,C11442
885,C20942
886,C17219
887,C05411
888,C14775
889,C16597
890,C20145
891,C04882
892,C20928
893,C12368
894,C01996
895,C21017
896,C20376
897,C00599
898,C02553
899,C01020
900,C18121
901,C05995
902,C18308
903,C18226
904,C00927
905,C18332
906,C20915
907,C21309
908,C00079
909,C11873
910,C05821
911,C03906
912,C05623
913,C01104
914,C01479
915,C18270
916,C00038
917,C14808
918,C09672
919,C11934
920,C03375
921,C16523
922,C11401
923,C21476
924,C06074
925,C21069
926,C01767
927,C01108
928,C06799
929,C20193
930,C18252
931,C00974
932,C03819
933,C00519
934,C05446
935,C06047
936,C19082
937,C07394
938,C09699
939,C00075
940,C05651
941,C17935
942,C14822
943,C00168
944,C00083
945,C16590
946,C08615
947,C19948
948,C00831
949,C16518
950,C00183
951,C18025
952,C20699
953,C00406
954,C00195
955,C11883
956,C14777
957,C00257
958,C20237
959,C02933
960,C01245
961,C05147
962,C09727
963,C00280
964,C17018
965,C11908
966,C16202
967,C05332
968,C03739
969,C05133
970,C16624
971,C06091
972,C16232
973,C11978
974,C21750
975,C20536
976,C03005
977,C16255
978,C21216
979,C14610
980,C06662
981,C05593
982,C06125
983,C15937
984,C07026
985,C21390
986,C02274
987,C17211
988,C00603
989,C18180
990,C20587
991,C06668
992,C01765
993,C19908
994,C00617
995,C01203
996,C20981
997,C05385
998,C17225
999,C00246
1000,C16266
1001,C05798
1002,C16678
1003,C11955
1004,C06182
1005,C04506
1006,C21258
1007,C00071
1008,C07101
1009,C16061
1010,C21341
1011,C20819
1012,C20988
1013,C21241
1014,C00371
1015,C16227
1016,C21403
1017,C21238
1018,C01768
1019,C11433
1020,C11999
1021,C00020
1022,C11963
1023,C18037
1024,C21317
1025,C21345
1026,C03201
1027,C16353
1028,C20562
1029,C01902
1030,C20847
1031,C15682
1032,C15887
1033,C19814
1034,C03198
1035,C03459
1036,C06563
1037,C06040
1038,C00450
1039,C17649
1040,C21202
1041,C11975
1042,C00112
1043,C15923
1044,C00753
1045,C19714
1046,C19747
1047,C20916
1048,C14102
1049,C06335
1050,C18238
1051,C01499
1052,C16374
1053,C00080
1054,C06566
1055,C16168
1056,C18003
1057,C16169
1058,C14107
1059,C01107
1060,C21270
1061,C06456
1062,C00065
1063,C20506
1064,C06315
1065,C00153
1066,C13622
1067,C06567
1068,C07725
1069,C16541
1070,C21724
1071,C21434
1072,C17746
1073,C05378
1074,C12374
1075,C05144
1076,C01059
1077,C00180
1078,C06455
1079,C17710
1080,C03742
1081,C01234
1082,C20870
1083,C06181
1084,C05379
1085,C09629
1086,C04620
1087,C05261
1088,C08281
1089,C11985
1090,C01031
1091,C16618
1092,C00013
1093,C00040
1094,C21367
1095,C04257
1096,C11615
1097,C02265
1098,C00513
1099,C16399
1100,C01283
1101,C01825
1102,C12366
1103,C17541
1104,C18264
1105,C01033
1106,C06001
1107,C21574
1108,C18007
1109,C11499
1110,C01179
1111,C03684
1112,C05578
1113,C18847
1114,C11408
1115,C03539
1116,C06407
1117,C00785
1118,C17582
1119,C09821
1120,C12266
1121,C16268
1122,C06802
1123,C00996
1124,C11432
1125,C07474
1126,C00068
1127,C19678
1128,C08412
1129,C20977
1130,C13623
1131,C05814
1132,C11522
1133,C08821
1134,C06229
1135,C15782
1136,C20144
1137,C06368
1138,C00969
1139,C06790
1140,C15607
1141,C06099
1142,C06521
1143,C01103
1144,C05452
1145,C00388
1146,C11966
1147,C05809
1148,C17432
1149,C00331
1150,C16826
1151,C16476
1152,C05723
1153,C06520
1154,C03166
1155,C01134
1156,C20185
1157,C12128
1158,C00522
1159,C15924
1160,C04637
1161,C03640
1162,C11521
1163,C00046
1164,C20689
1165,C05938
1166,C01798
1167,C00399
1168,C00422
1169,C16242
1170,C00055
1171,C17255
1172,C17975
1173,C17705
1174,C00041
1175,C00088
1176,C01092
1177,C01190
1178,C20865
1179,C20772
1180,C16461
1181,C15786
1182,C04083
1183,C06570
1184,C02167
1185,C11973
1186,C00214
1187,C12157
1188,C12458
1189,C03925
1190,C07304
1191,C00935
1192,C12107
1193,C02630
1194,C06653
1195,C20310
1196,C16277
1197,C20867
1198,C00185
1199,C03114
1200,C17660
1201,C01888
1202,C21124
1203,C01769
1204,C00721
1205,C06552
1206,C03506
1207,C11868
1208,C00637
1209,C20478
1210,C11901
1211,C03752
1212,C04738
1213,C05448
1214,C20315
1215,C06610
1216,C03765
1217,C07756
1218,C00015
1219,C00986
1220,C11143
1221,C02916
1222,C16230
1223,C01054
1224,C15824
1225,C06196
1226,C21489
1227,C15532
1228,C03179
1229,C12410
1230,C05584
1231,C00461
1232,C21071
1233,C04317
1234,C00956
1235,C16365
1236,C09987
1237,C20596
1238,C05005
1239,C06365
1240,C05761
1241,C19736
1242,C00475
1243,C20333
1244,C03595
1245,C05350
1246,C06180
1247,C03150
1248,C05466
1249,C06686
1250,C05588
1251,C00683
1252,C03221
1253,C20951
1254,C06772
1255,C05575
1256,C16054
1257,C05273
1258,C04063
1259,C12836
1260,C16200
1261,C06562
1262,C09893
1263,C03277
1264,C07212
1265,C00233
1266,C07123
1267,C06108
1268,C05307
1269,C05659
1270,C00250
1271,C14119
1272,C16159
1273,C15898
1274,C06103
1275,C17985
1276,C20868
1277,C03871
1278,C01246
1279,C00282
1280,C21260
1281,C06578
1282,C18639
1283,C06581
1284,C01157
1285,C00091
1286,C00238
1287,C02295
1288,C16341
1289,C00665
1290,C02679
1291,C20782
1292,C15905
1293,C18354
1294,C00582
1295,C03972
1296,C05946
1297,C18870
1298,C18237
1299,C03652
1300,C17644
1301,C03090
1302,C20397
1303,C05336
1304,C00194
1305,C09118
1306,C06606
1307,C06055
1308,C05638
1309,C05807
1310,C00306
1311,C01214
1312,C20589
1313,C12265
1314,C21320
1315,C20481
1316,C06309
1317,C00499
1318,C00819
1319,C00760
1320,C03233
1321,C14536
1322,C14899
1323,C00527
1324,C00823
1325,C03194
1326,C12041
1327,C14335
1328,C15767
1329,C06800
1330,C04088
1331,C06573
1332,C05953
1333,C05500
1334,C20990
1335,C20159
1336,C00014
1337,C11395
1338,C21635
1339,C06720
1340,C16283
1341,C00989
1342,C00455
1343,C10205
1344,C02166
1345,C11148
1346,C17984
1347,C06212
1348,C07031
1349,C03974
1350,C17589
1351,C11556
1352,C16530
1353,C16239
1354,C06146
1355,C06194
1356,C05551
1357,C05745
1358,C00383
1359,C12008
1360,C06533
1361,C09817
1362,C12385
1363,C02029
1364,C05770
1365,C20912
1366,C13252
1367,C16028
1368,C12147
1369,C06719
1370,C00312
1371,C01330
1372,C04911
1373,C09107
1374,C06659
1375,C11404
1376,C01230
1377,C05906
1378,C12474
1379,C21135
1380,C06589
1381,C18277
1382,C05644
1383,C00378
1384,C01260
1385,C05596
1386,C18629
1387,C00337
1388,C21323
1389,C00363
1390,C08492
1391,C00346
1392,C18358
1393,C00267
1394,C00008
1395,C01990
1396,C12153
1397,C08601
1398,C05834
1399,C00401
1400,C16206
1401,C11884
1402,C05267
1403,C16645
1404,C02232
1405,C00658
1406,C03618
1407,C19817
1408,C06988
1409,C19618
1410,C17559
1411,C00447
1412,C06034
1413,C08607
1414,C16414
1415,C03313
1416,C06714
1417,C17953
1418,C12206
1419,C04118
1420,C00106
1421,C18335
1422,C06321
1423,C16205
1424,C16319
1425,C01699
1426,C21222
1427,C18154
1428,C06025
1429,C05727
1430,C16449
1431,C05127
1432,C20978
1433,C11993
1434,C00129
1435,C17010
1436,C12400
1437,C05432
1438,C17373
1439,C06114
1440,C02759
1441,C06088
1442,C06198
1443,C21086
1444,C16673
1445,C01213
1446,C18026
1447,C04272
1448,C18283
1449,C12425
1450,C00679
1451,C21319
1452,C01028
1453,C00704
1454,C11900
1455,C01802
1456,C21128
1457,C11882
1458,C05730
1459,C04377
1460,C00279
1461,C07044
1462,C18267
1463,C00644
1464,C06427
1465,C11893
1466,C20395
1467,C03112
1468,C17239
1469,C00698
1470,C19616
1471,C00479
1472,C12208
1473,C00719
1474,C18301
1475,C05422
1476,C15808
1477,C11057
1478,C19973
1479,C01861
1480,C20595
1481,C15926
1482,C16336
1483,C06727
1484,C14722
1485,C06637
1486,C00123
1487,C21263
1488,C16387
1489,C06640
1490,C11837
1491,C18255
1492,C19878
1493,C12480
1494,C06086
1495,C18902
1496,C12389
1497,C01739
1498,C21410
1499,C00286
1500,C21314
1501,C06157
1502,C06017
1503,C03309
1504,C21413
1505,C11810
1506,C00919
1507,C18133
1508,C05772
1509,C05281
1510,C01542
1511,C03028
1512,C01841
1513,C11971
1514,C00762
1515,C06749
1516,C12211
1517,C06442
1518,C02823
1519,C04434
1520,C05270
1521,C20573
1522,C05895
1523,C11895
1524,C01880
1525,C06230
1526,C06801
1527,C04181
1528,C08585
1529,C15981
1530,C06575
1531,C17210
1532,C05616
1533,C07083
1534,C05080
1535,C16674
1536,C18315
1537,C20814
1538,C20505
1539,C00857
1540,C00076
1541,C01159
1542,C05848
1543,C05264
1544,C18113
1545,C21429
1546,C00609
1547,C01788
1548,C11523
1549,C16428
1550,C00430
1551,C02723
1552,C03659
1553,C10773
1554,C01053
1555,C02218
1556,C02321
1557,C05853
1558,C20313
1559,C00552
1560,C03511
1561,C03838
1562,C11736
1563,C04525
1564,C00905
1565,C02657
1566,C19083
1567,C16273
1568,C02355
1569,C05610
1570,C18641
1571,C10945
1572,C03373
1573,C05652
1574,C05804
1575,C21208
1576,C19688
1577,C20527
1578,C15646
1579,C03284
1580,C00426
1581,C11925
1582,C06203
1583,C06791
1584,C01227
1585,C00374
1586,C01441
1587,C16141
1588,C06596
1589,C00887
1590,C03979
1591,C00647
1592,C21490
1593,C01010
1594,C09871
1595,C00844
1596,C11173
1597,C06755
1598,C14112
1599,C20838
1600,C18683
1601,C02773
1602,C05731
1603,C01721
1604,C06156
1605,C13431
1606,C16075
1607,C10503
1608,C00135
1609,C20279
1610,C11967
1611,C17699
1612,C07091
1613,C18054
1614,C05340
1615,C17727
1616,C18155
1617,C11402
1618,C16617
1619,C11964
1620,C15810
1621,C00440
1622,C02734
1623,C18222
1624,C06144
1625,C00222
1626,C01005
1627,C19152
1628,C00261
1629,C00674
1630,C05993
1631,C06986
1632,C04895
1633,C00955
1634,C12148
1635,C00016
1636,C06228
1637,C13309
1638,C20953
1639,C08417
1640,C21226
1641,C08592
1642,C07201
1643,C06756
1644,C05784
1645,C16332
1646,C01112
1647,C06559
1648,C19624
1649,C14794
1650,C08301
1651,C15878
1652,C18132
1653,C12077
1654,C11468
1655,C15883
1656,C20501
1657,C00804
1658,C17668
1659,C02995
1660,C21510
1661,C11941
1662,C00269
1663,C03289
1664,C01252
1665,C19700
1666,C20614
1667,C18325
1668,C06241
1669,C08813
1670,C01693
1671,C06033
1672,C02693
1673,C18872
1674,C15787
1675,C04137
1676,C00413
1677,C16583
1678,C04690
1679,C21340
1680,C16703
1681,C05817
1682,C20776
1683,C04796
1684,C00789
1685,C00061
1686,C07535
1687,C00418
1688,C21566
1689,C19609
1690,C17695
1691,C18202
1692,C20823
1693,C14220
1694,C09092
1695,C19740
1696,C15777
1697,C16323
1698,C03329
1699,C03574
1700,C19748
1701,C00407
1702,C17647
1703,C06711
1704,C05941
1705,C11039
1706,C20559
1707,C17220
1708,C01026
1709,C14108
1710,C16142
1711,C05812
1712,C05274
1713,C04171
1714,C04577
1715,C09244
1716,C00291
1717,C11540
1718,C05711
1719,C18910
1720,C05964
1721,C21231
1722,C00488
1723,C05404
1724,C02737
1725,C06771
1726,C12411
1727,C18107
1728,C00486
1729,C00729
1730,C16238
1731,C06679
1732,C20253
1733,C08583
1734,C05131
1735,C16462
1736,C00559
1737,C00184
1738,C21245
1739,C04145
1740,C19889
1741,C03741
1742,C08637
1743,C21428
1744,C00593
1745,C00236
1746,C18258
1747,C06199
1748,C18009
1749,C16631
1750,C02593
1751,C04236
1752,C18638
1753,C02612
1754,C01197
1755,C11149
1756,C16814
1757,C02557
1758,C00197
1759,C04734
1760,C16328
1761,C06579
1762,C17949
1763,C01989
1764,C06769
1765,C01851
1766,C12093
1767,C07025
1768,C05138
1769,C16844
1770,C09320
1771,C01566
1772,C12320
1773,C05960
1774,C20248
1775,C14773
1776,C04280
1777,C05680
1778,C11683
1779,C05791
1780,C00886
1781,C05939
1782,C06654
1783,C12216
1784,C00469
1785,C11383
1786,C01829
1787,C11411
1788,C01438
1789,C01304
1790,C17412
1791,C05677
1792,C13633
1793,C04575
1794,C06989
1795,C20311
1796,C12473
1797,C18333
1798,C16588
1799,C04896
1800,C06337
1801,C19751
1802,C00275
1803,C01043
1804,C00389
1805,C11519
1806,C00491
1807,C00643
1808,C18035
1809,C15886
1810,C00410
1811,C11352
1812,C11994
1813,C03611
1814,C01907
1815,C20151
1816,C03438
1817,C07032
1818,C05753
1819,C01414
1820,C06002
1821,C06582
1822,C05646
1823,C17221
1824,C10763
1825,C18160
1826,C06603
1827,C01277
1828,C16702
1829,C11821
1830,C01270
1831,C21292
1832,C11961
1833,C21200
1834,C05663
1835,C01272
1836,C03454
1837,C19834
1838,C00124
1839,C16234
1840,C16244
1841,C09813
1842,C18152
1843,C04487
1844,C16310
1845,C05290
1846,C16355
1847,C01555
1848,C20859
1849,C15796
1850,C20150
1851,C03044
1852,C05515
1853,C00101
1854,C00063
1855,C21342
1856,C00944
1857,C17657
1858,C12270
1859,C18348
1860,C18871
1861,C00305
1862,C14087
1863,C16161
1864,C14823
1865,C06553
1866,C06753
1867,C12119
1868,C17968
1869,C01051
1870,C11936
1871,C07721
1872,C05433
1873,C12832
1874,C10157
1875,C01957
1876,C18021
1877,C02918
1878,C21014
1879,C06311
1880,C01100
1881,C01751
1882,C19701
1883,C02325
1884,C06597
1885,C16057
1886,C01126
1887,C17944
1888,C19491
1889,C01467
1890,C20345
1891,C14829
1892,C05957
1893,C16212
1894,C04623
1895,C05904
1896,C03415
1897,C20357
1898,C00885
1899,C16469
1900,C15859
1901,C17706
1902,C11915
1903,C06058
1904,C16622
1905,C12152
1906,C11944
1907,C11832
1908,C21512
1909,C07729
1910,C17238
1911,C17747
1912,C04475
1913,C05823
1914,C03582
1915,C04431
1916,C05412
1917,C16243
1918,C00219
1919,C05983
1920,C01848
1921,C11389
1922,C16058
1923,C00521
1924,C01220
1925,C20548
1926,C10200
1927,C18031
1928,C07585
1929,C20637
1930,C00053
1931,C04390
1932,C14145
1933,C17569
1934,C20842
1935,C16149
1936,C05835
1937,C21313
1938,C06441
1939,C15793
1940,C12023
1941,C11355
1942,C00340
1943,C17938
1944,C00345
1945,C03547
1946,C17691
1947,C00325
1948,C12631
1949,C16527
1950,C01834
1951,C12479
1952,C19888
1953,C07087
1954,C12214
1955,C05294
1956,C05778
1957,C16430
1958,C21016
1959,C00859
1960,C17326
1961,C01943
1962,C10793
1963,C19742
1964,C21264
1965,C15805
1966,C03227
1967,C20555
1968,C00449
1969,C17940
1970,C05535
1971,C01124
1972,C16593
1973,C11853
1974,C20629
1975,C05678
1976,C02839
1977,C19708
1978,C00155
1979,C06195
1980,C14106
1981,C01231
1982,C06555
1983,C00108
1984,C02090
1985,C21197
1986,C05570
1987,C01620
1988,C07093
1989,C11957
1990,C21136
1991,C00993
1992,C12001
1993,C15651
1994,C14114
1995,C13637
1996,C20948
1997,C01279
1998,C06584
1999,C05178
2000,C01250
2001,C04498
2002,C20604
2003,C06024
2004,C21225
2005,C20693
2006,C17973
2007,C06624
2008,C18640
2009,C00427
2010,C14776
2011,C00353
2012,C17017
2013,C00494
2014,C12354
2015,C21311
2016,C01921
2017,C20949
2018,C05673
2019,C02880
2020,C05670
2021,C01298
2022,C07084
2023,C12621
2024,C11243
2025,C16216
2026,C00109
2027,C21486
2028,C05455
2029,C03614
2030,C16517
2031,C01121
2032,C12205
2033,C11512
2034,C21346
2035,C02151
2036,C12220
2037,C04582
2038,C16181
2039,C05268
2040,C09581
2041,C21132
2042,C03372
2043,C16280
2044,C11676
2045,C16737
2046,C12831
2047,C00392
2048,C12044
2049,C15666
2050,C03599
2051,C16348
2052,C06602
2053,C00365
2054,C15784
2055,C01172
2056,C05787
2057,C20440
2058,C19567
2059,C06193
2060,C17941
2061,C19852
2062,C06547
2063,C18284
2064,C00984
2065,C05258
2066,C00795
2067,C06145
2068,C01720
2069,C07086
2070,C07635
2071,C03683
2072,C18162
2073,C05479
2074,C02632
2075,C12477
2076,C21209
2077,C03715
2078,C11410
2079,C12247
2080,C05931
2081,C00127
2082,C17214
2083,C16524
2084,C00828
2085,C09820
2086,C11949
2087,C03294
2088,C04437
2089,C20920
2090,C06126
2091,C06611
2092,C11887
2093,C21310
2094,C19153
2095,C21154
2096,C00810
2097,C04039
2098,C01147
2099,C17955
2100,C06658
2101,C05272
2102,C09849
2103,C03686
2104,C19079
2105,C04751
2106,C02051
2107,C18223
2108,C11554
2109,C00524
2110,C03660
2111,C06387
2112,C00416
2113,C20839
2114,C00144
2115,C00682
2116,C17346
2117,C11921
2118,C16279
2119,C00217
2120,C17981
2121,C19891
2122,C04432
2123,C01780
2124,C11948
2125,C20783
2126,C05607
2127,C18933
2128,C00437
2129,C01468
2130,C09723
2131,C18836
2132,C06452
2133,C09848
2134,C05903
2135,C14770
2136,C16563
2137,C00017
2138,C11354
2139,C01255
2140,C05259
2141,C00381
2142,C18245
2143,C00590
2144,C00860
2145,C07088
2146,C00190
2147,C16665
2148,C11943
2149,C00093
2150,C18294
2151,C00157
2152,C00777
2153,C01661
2154,C01207
2155,C18680
2156,C19946
2157,C05748
2158,C19746
2159,C01322
2160,C16526
2161,C17568
2162,C04783
2163,C18008
2164,C12221
2165,C05844
2166,C12371
2167,C07089
2168,C14866
2169,C15783
2170,C16188
2171,C07075
2172,C21312
2173,C00846
2174,C00805
2175,C01187
2176,C20944
2177,C20156
2178,C00726
2179,C06564
2180,C01528
2181,C16366
2182,C14812
2183,C17960
2184,C06042
2185,C12321
2186,C20956
2187,C04186
2188,C18064
2189,C20817
2190,C15683
2191,C08586
2192,C11437
2193,C15881
2194,C00827
2195,C05231
2196,C00988
2197,C21337
2198,C16424
2199,C11393
2200,C19676
2201,C06644
2202,C14768
2203,C06094
2204,C11951
2205,C14748
2206,C00034
2207,C21565
2208,C00143
2209,C20502
2210,C01312
2211,C02718
2212,C02802
2213,C15986
2214,C05790
2215,C04230
2216,C05923
2217,C14732
2218,C06643
2219,C01294
2220,C06554
2221,C16478
2222,C11863
2223,C15785
2224,C20045
2225,C06394
2226,C08526
2227,C00247
2228,C01111
2229,C04596
2230,C03677
2231,C00546
2232,C00697
2233,C20874
2234,C06035
2235,C20518
2236,C06608
2237,C00636
2238,C03872
2239,C00120
2240,C18278
2241,C01504
2242,C03232
2243,C11457
2244,C17576
2245,C07354
2246,C19829
2247,C16316
2248,C07557
2249,C00533
2250,C12026
2251,C18679
2252,C00503
2253,C01494
2254,C05260
2255,C20567
2256,C18287
2257,C13453
2258,C06601
2259,C18232
2260,C00792
2261,C21220
2262,C06893
2263,C14152
2264,C02527
2265,C05966
2266,C17237
2267,C06706
2268,C06102
2269,C15882
2270,C20581
2271,C00160
2272,C14147
2273,C11950
2274,C21068
2275,C02442
2276,C16447
2277,C02972
2278,C16396
2279,C06179
2280,C03688
2281,C02249
2282,C17687
2283,C12432
2284,C06629
2285,C04706
2286,C20737
2287,C02811
2288,C06613
2289,C16393
2290,C15803
2291,C20484
2292,C00310
2293,C05568
2294,C06598
2295,C04348
2296,C16171
2297,C00587
2298,C06670
2299,C01748
2300,C05961
2301,C21438
2302,C00979
2303,C12210
2304,C06317
2305,C21223
2306,C05548
2307,C00692
2308,C06176
2309,C07717
2310,C01610
2311,C02431
2312,C18248
2313,C20139
2314,C01845
2315,C03944
2316,C00829
2317,C06689
2318,C14144
2319,C01909
2320,C21344
2321,C17742
2322,C11880
2323,C15482
2324,C21210
2325,C15524
2326,C08285
2327,C14098
2328,C16172
2329,C00515
2330,C07289
2331,C09621
2332,C06161
2333,C11831
2334,C00700
2335,C07838
2336,C20880
2337,C21432
2338,C05909
2339,C05947
2340,C05430
2341,C07649
2342,C16173
2343,C06681
2344,C06758
2345,C20690
2346,C01904
2347,C16475
2348,C20677
2349,C17328
2350,C19712
2351,C06183
2352,C19154
2353,C01743
2354,C14837
2355,C19872
2356,C05625
2357,C11539
2358,C05175
2359,C06649
2360,C16334
2361,C16619
2362,C01735
2363,C02515
2364,C14779
2365,C15940
2366,C14832
2367,C19156
2368,C21276
2369,C14463
2370,C02189
2371,C07301
2372,C01513
2373,C12162
2374,C05629
2375,C01079
2376,C19833
2377,C11872
2378,C16632
2379,C01548
2380,C04642
2381,C11983
2382,C17575
2383,C00252
2384,C05965
2385,C00672
2386,C05813
2387,C19820
2388,C11902
2389,C00094
2390,C01243
2391,C02987
2392,C01113
2393,C15645
2394,C17251
2395,C15943
2396,C14810
2397,C16402
2398,C02305
2399,C02364
2400,C01747
2401,C18125
2402,C00047
2403,C20605
2404,C01917
2405,C21391
2406,C04823
2407,C21584
2408,C17343
2409,C04268
2410,C18300
2411,C00633
2412,C06691
2413,C06506
2414,C06032
2415,C03577
2416,C06333
2417,C01629
2418,C00141
2419,C18310
2420,C21632
2421,C18355
2422,C21253
2423,C06728
2424,C05825
2425,C18331
2426,C01452
2427,C16521
2428,C15812
2429,C09880
2430,C11905
2431,C11896
2432,C21203
2433,C01146
2434,C00239
2435,C11538
2436,C02565
2437,C00544
2438,C15978
2439,C00870
2440,C04020
2441,C05926
2442,C00978
2443,C04546
2444,C02004
2445,C03993
2446,C05583
2447,C00445
2448,C18266
2449,C14086
2450,C15935
2451,C14090
2452,C04737
2453,C05401
2454,C00543
2455,C16278
2456,C01375
2457,C03056
2458,C06087
2459,C01885
2460,C21368
2461,C03117
2462,C04851
2463,C00798
2464,C02354
2465,C00584
2466,C05176
2467,C17277
2468,C00825
2469,C05962
2470,C18709
2471,C04579
2472,C05643
2473,C15563
2474,C04494
2475,C07734
2476,C11455
2477,C00078
2478,C02076
2479,C14727
2480,C05681
2481,C16634
2482,C03345
2483,C01367
2484,C05189
2485,C01759
2486,C12126
2487,C01416
2488,C03724
2489,C06428
2490,C21352
2491,C04549
2492,C11142
2493,C00596
2494,C20995
2495,C18101
2496,C14149
2497,C02855
2498,C16531
2499,C15788
2500,C18220
2501,C20979
2502,C21753
2503,C01143
2504,C04780
2505,C16614
2506,C06167
2507,C05764
2508,C20499
2509,C11928
2510,C12462
2511,C16755
2512,C04052
2513,C18314
2514,C03069
2515,C00018
2516,C18206
2517,C21301
2518,C04350
2519,C05815
2520,C11638
2521,C04091
2522,C11691
2523,C20827
2524,C16445
2525,C20546
2526,C21406
2527,C01854
2528,C05382
2529,C00372
2530,C03263
2531,C06007
2532,C05795
2533,C12032
2534,C16529
2535,C11981
2536,C15879
2537,C00203
2538,C20879
2539,C07733
2540,C12393
2541,C19190
2542,C01189
2543,C21218
2544,C20158
2545,C09810
2546,C02330
2547,C04932
2548,C18131
2549,C16056
2550,C02642
2551,C11438
2552,C21326
2553,C17703
2554,C16391
2555,C18169
2556,C20249
2557,C20636
2558,C11062
2559,C01561
2560,C02988
2561,C03033
2562,C04297
2563,C12426
2564,C15672
2565,C16270
2566,C00691
2567,C02505
2568,C06754
2569,C00441
2570,C00571
2571,C20404
2572,C05349
2573,C07592
2574,C16375
2575,C06704
2576,C06367
2577,C14116
2578,C02344
2579,C06588
2580,C16376
2581,C19625
2582,C01920
2583,C07094
2584,C18681
2585,C04797
2586,C19631
2587,C11006
2588,C15699
2589,C02909
2590,C11946
2591,C04652
2592,C21109
2593,C11351
2594,C14089
2595,C08362
2596,C05279
2597,C16236
2598,C08401
2599,C01419
2600,C06172
2601,C06118
2602,C00357
2603,C03512
2604,C02554
2605,C18630
2606,C07029
2607,C06023
2608,C17368
2609,C15801
2610,C01877
2611,C20561
2612,C11924
2613,C17712
2614,C00251
2615,C03479
2616,C07715
2617,C14153
2618,C15885
2619,C05901
2620,C00664
2621,C05756
2622,C11864
2623,C05454
2624,C02225
2625,C20943
2626,C01120
2627,C05396
2628,C14113
2629,C17741
2630,C00264
2631,C06049
2632,C16480
2633,C02488
2634,C05796
2635,C01941
2636,C20570
2637,C03968
2638,C18327
2639,C06408
2640,C15983
2641,C17573
2642,C20630
2643,C06423
2644,C05123
2645,C01487
2646,C17702
2647,C04277
2648,C05343
2649,C00186
2650,C11399
2651,C05447
2652,C01235
2653,C21235
2654,C14094
2655,C01267
2656,C20195
2657,C08627
2658,C08557
2659,C06635
2660,C01185
2661,C05480
2662,C06604
2663,C12268
2664,C02938
2665,C05674
2666,C07335
2667,C02720
2668,C02876
2669,C13508
2670,C17551
2671,C18100
2672,C06866
2673,C00908
2674,C03920
2675,C06096
2676,C02335
2677,C14279
2678,C14778
2679,C12249
2680,C06095
2681,C09024
2682,C20682
2683,C00909
2684,C03217
2685,C02359
2686,C11929
2687,C21167
2688,C04534
2689,C07303
2690,C04619
2691,C08073
2692,C01694
2693,C05107
2694,C01897
2695,C03283
2696,C01137
2697,C16156
2698,C04330
2699,C15895
2700,C18312
2701,C05989
2702,C00292
2703,C17577
2704,C00921
2705,C17235
2706,C21065
2707,C07054
2708,C07114
2709,C08334
2710,C18802
2711,C02047
2712,C11816
2713,C18001
2714,C14082
2715,C16621
2716,C06184
2717,C17709
2718,C00573
2719,C08650
2720,C20377
2721,C00811
2722,C00128
2723,C21107
2724,C16343
2725,C06160
2726,C11909
2727,C17943
2728,C20986
2729,C03733
2730,C21007
2731,C19815
2732,C01176
2733,C06636
2734,C00794
2735,C16339
2736,C03220
2737,C00408
2738,C16249
2739,C15984
2740,C14315
2741,C03646
2742,C03564
2743,C03589
2744,C16335
2745,C21644
2746,C00681
2747,C19569
2748,C01210
2749,C00508
2750,C20638
2751,C17982
2752,C00309
2753,C19823
2754,C04613
2755,C02405
2756,C15968
2757,C00501
2758,C05746
2759,C07481
2760,C15967
2761,C12434
2762,C02141
2763,C00620
2764,C03341
2765,C20784
2766,C15892
2767,C07722
2768,C16390
2769,C19929
2770,C03230
2771,C00256
2772,C11198
2773,C21351
2774,C02990
2775,C17584
2776,C00514
2777,C21339
2778,C04638
2779,C02953
2780,C06509
2781,C00199
2782,C14749
2783,C05998
2784,C15816
2785,C04226
2786,C12319
2787,C05932
2788,C19757
2789,C19879
2790,C05683
2791,C00294
2792,C00716
2793,C20781
2794,C09809
2795,C11543
2796,C05896
2797,C14828
2798,C17240
2799,C03671
2800,C18262
2801,C03423
2802,C16692
2803,C06600
2804,C18682
2805,C18256
2806,C09305
2807,C17552
2808,C15517
2809,C00122
2810,C18224
2811,C11633
2812,C03569
2813,C00858
2814,C01606
2815,C21488
2816,C18250
2817,C14781
2818,C12386
2819,C16003
2820,C04392
2821,C03428
2822,C20897
2823,C17242
2824,C01795
2825,C12505
2826,C11419
2827,C12624
2828,C00577
2829,C05679
2830,C07662
2831,C06707
2832,C01384
2833,C15667
2834,C05161
2835,C09421
2836,C01860
2837,C06062
2838,C01037
2839,C06565
2840,C19764
2841,C03722
2842,C12219
2843,C06148
2844,C15514
2845,C04056
2846,C07724
2847,C12318
2848,C00327
2849,C01454
2850,C20954
2851,C12002
2852,C02670
2853,C00387
2854,C14602
2855,C21748
2856,C01101
2857,C01477
2858,C05676
2859,C16213
2860,C02341
2861,C21137
2862,C00696
2863,C02535
2864,C01727
2865,C16309
2866,C20654
2867,C20976
2868,C02378
2869,C18286
2870,C17667
2871,C00826
2872,C14573
2873,C14774
2874,C11416
2875,C01177
2876,C16427
2877,C07663
2878,C03035
2879,C16248
2880,C00814
2881,C18257
2882,C17229
2883,C05793
2884,C01682
2885,C18240
2886,C20083
2887,C06542
2888,C16598
2889,C13456
2890,C12376
2891,C12433
2892,C00541
2893,C15915
2894,C00328
2895,C05434
2896,C03089
2897,C18356
2898,C21207
2899,C04435
2900,C09884
2901,C17256
2902,C20312
2903,C03145
2904,C17591
2905,C00861
2906,C00903
2907,C16062
2908,C20710
2909,C00802
2910,C15521
2911,C06376
2912,C16235
2913,C06687
2914,C20208
2915,C12384
2916,C05381
2917,C15925
2918,C00740
2919,C20552
2920,C05202
2921,C21224
2922,C00458
2923,C01761
2924,C16143
2925,C00067
2926,C20738
2927,C16167
2928,C11866
2929,C05413
2930,C06605
2931,C16275
2932,C04411
2933,C00159
2934,C21568
2935,C00739
2936,C00259
2937,C03287
2938,C18120
2939,C20146
2940,C11472
2941,C05956
2942,C00049
2943,C00044
2944,C20378
2945,C17952
2946,C07719
2947,C01562
2948,C06406
2949,C16229
2950,C05898
2951,C11536
2952,C06127
2953,C12388
2954,C17401
2955,C20877
2956,C00714
2957,C16160
2958,C11970
2959,C05337
2960,C05822
2961,C04308
2962,C14762
2963,C01161
2964,C20926
2965,C01261
2966,C12451
2967,C19877
2968,C01109
2969,C05811
2970,C04874
2971,C01456
2972,C11427
2973,C17689
2974,C05306
2975,C05125
2976,C00507
2977,C03409
2978,C05698
2979,C12414
2980,C00817
2981,C16616
2982,C02625
2983,C11359
2984,C01198
2985,C07130
2986,C01302
2987,C04332
2988,C00671
2989,C01268
2990,C01762
2991,C20374
2992,C12461
2993,C06010
2994,C01352
2995,C00621
2996,C02050
2997,C16640
2998,C21234
2999,C02627
3000,C20543
3001,C11851
3002,C19798
3003,C02528
3004,C03242
3005,C00385
3006,C11848
3007,C11867
3008,C03175
3009,C06647
3010,C02033
3011,C02153
3012,C08628
3013,C05527
3014,C01226
3015,C19620
3016,C00319
3017,C12173
3018,C04702
3019,C04756
3020,C01144
3021,C20531
3022,C15973
3023,C00206
3024,C04553
3025,C02470
3026,C04824
3027,C11990
3028,C01571
3029,C10874
3030,C04748
3031,C20594
3032,C00506
3033,C07103
3034,C18311
3035,C17360
3036,C21354
3037,C17579
3038,C05647
3039,C12396
3040,C03470
3041,C00070
3042,C06083
3043,C16164
3044,C11242
3045,C05789
3046,C16157
3047,C02666
3048,C01088
3049,C18099
3050,C00402
3051,C18911
3052,C00741
3053,C15547
3054,C01835
3055,C05109
3056,C06090
3057,C06669
3058,C20930
3059,C02430
3060,C12045
3061,C11910
3062,C03572
3063,C02110
3064,C17951
3065,C13782
3066,C05421
3067,C05760
3068,C05108
3069,C04650
3070,C11755
3071,C20532
3072,C03344
3073,C00487
3074,C16210
3075,C11947
3076,C03576
3077,C16274
3078,C06366
3079,C12397
3080,C01278
3081,C17560
3082,C17268
3083,C01594
3084,C04628
3085,C02188
3086,C20513
3087,C21244
3088,C11876
3089,C18118
3090,C19692
3091,C12441
3092,C13809
3093,C11953
3094,C06762
3095,C19887
3096,C15522
3097,C11899
3098,C06648
3099,C16138
3100,C04742
3101,C09823
3102,C16194
3103,C04574
3104,C17574
3105,C06092
3106,C05297
3107,C05444
3108,C01617
3109,C16429
3110,C02191
3111,C16276
3112,C01934
3113,C05754
3114,C16193
3115,C05579
3116,C02646
3117,C00111
3118,C18317
3119,C17701
3120,C03063
3121,C06031
3122,C00089
3123,C17664
3124,C00705
3125,C01011
3126,C21248
3127,C02034
3128,C14418
3129,C17621
3130,C03453
3131,C20453
3132,C04675
3133,C17374
3134,C15799
3135,C02411
3136,C05925
3137,C12739
3138,C02084
3139,C04233
3140,C17578
3141,C00074
3142,C00417
3143,C03067
3144,C02992
3145,C05958
3146,C01595
3147,C05839
3148,C01563
3149,C12145
3150,C11861
3151,C17212
3152,C04877
3153,C10833
3154,C01180
3155,C06517
3156,C17753
3157,C03077
3158,C00832
3159,C08060
3160,C15930
3161,C06793
3162,C19691
3163,C02463
3164,C17967
3165,C12213
3166,C00668
3167,C07208
3168,C21355
3169,C17972
3170,C20643
3171,C00002
3172,C17700
3173,C18273
3174,C19832
3175,C00329
3176,C21347
3177,C20534
3178,C15979
3179,C04919
3180,C01983
3181,C03092
3182,C05913
3183,C17267
3184,C09627
3185,C12176
3186,C06398
3187,C20846
3188,C12106
3189,C02946
3190,C21459
3191,C07099
3192,C16207
3193,C06457
3194,C01647
3195,C18225
3196,C02426
3197,C16074
3198,C17236
3199,C12355
3200,C11596
3201,C11250
3202,C00439
3203,C11830
3204,C00136
3205,C17650
3206,C19084
3207,C05830
3208,C00196
3209,C01041
3210,C09819
3211,C04294
3212,C06516
3213,C06571
3214,C21324
3215,C19880
3216,C16431
3217,C19623
3218,C20554
3219,C14105
3220,C15802
3221,C05572
3222,C18633
3223,C06425
3224,C01042
3225,C03043
3226,C08814
3227,C20672
3228,C05794
3229,C12014
3230,C05744
3231,C06451
3232,C16528
3233,C00243
3234,C16666
3235,C08407
3236,C14092
3237,C01297
3238,C12650
3239,C20919
3240,C03046
3241,C00670
3242,C03223
3243,C19765
3244,C00916
3245,C09737
3246,C02236
3247,C18336
3248,C16308
3249,C04146
3250,C14115
3251,C00836
3252,C08063
3253,C02357
3254,C06507
3255,C00423
3256,C06673
3257,C01371
3258,C02991
3259,C11630
3260,C20247
3261,C06731
3262,C11859
3263,C16600
3264,C14831
3265,C06105
3266,C14083
3267,C17979
3268,C05533
3269,C19944
3270,C00349
3271,C17585
3272,C16403
3273,C17588
3274,C00263
3275,C04188
3276,C06560
3277,C14104
3278,C10522
3279,C00446
3280,C02067
3281,C21372
3282,C11926
3283,C14825
3284,C05465
3285,C07102
3286,C20564
3287,C15523
3288,C06630
3289,C05828
3290,C04112
3291,C02198
3292,C06210
3293,C16263
3294,C08590
3295,C16237
3296,C06587
3297,C05220
3298,C16520
3299,C03918
3300,C14155
3301,C06328
3302,C01667
3303,C00010
3304,C16677
3305,C00209
3306,C02352
3307,C04631
3308,C19831
3309,C17249
3310,C02843
3311,C20822
3312,C05295
3313,C01286
3314,C02160
3315,C16155
3316,C14111
3317,C06735
3318,C01132
3319,C00244
3320,C00084
3321,C06054
3322,C05467
3323,C17222
3324,C00655
3325,C15811
3326,C03190
3327,C05780
3328,C05818
3329,C21427
3330,C11907
3331,C21074
3332,C01789
3333,C17254
3334,C16696
3335,C16710
3336,C18098
3337,C12108
3338,C05802
3339,C00966
3340,C00230
3341,C05073
3342,C20593
3343,C21246
3344,C13952
3345,C03483
3346,C00152
3347,C17561
3348,C02504
3349,C05635
3350,C11448
3351,C21252
3352,C04351
3353,C00436
3354,C00411
3355,C04246
3356,C17745
3357,C00464
3358,C02591
3359,C05440
3360,C16271
3361,C05750
3362,C03676
3363,C05648
3364,C00311
3365,C04718
3366,C02514
3367,C16281
3368,C05755
3369,C17707
3370,C21790
3371,C14419
3372,C05502
3373,C06627
3374,C15972
3375,C18108
3376,C18168
3377,C12422
3378,C00390
3379,C16361
3380,C21139
3381,C02043
3382,C13455
3383,C17399
3384,C16850
3385,C01127
3386,C02923
3387,C00894
3388,C00048
3389,C11557
3390,C01115
3391,C04368
3392,C04302
3393,C16625
3394,C00333
3395,C00314
3396,C01300
3397,C18253
3398,C17743
3399,C09390
3400,C00689
3401,C10497
3402,C20149
3403,C00188
3404,C00973
3405,C05427
3406,C05158
3407,C16842
3408,C17226
3409,C21255
3410,C18320
3411,C19828
3412,C04115
3413,C06569
3414,C17550
3415,C01044
3416,C18105
3417,C21249
3418,C18109
3419,C20136
3420,C12476
3421,C00011
3422,C05589
3423,C06792
3424,C17587
3425,C03058
3426,C00262
3427,C00718
3428,C05634
3429,C20586
3430,C06599
3431,C02376
3432,C12392
3433,C08409
3434,C20386
3435,C03187
3436,C11460
3437,C07593
3438,C20264
3439,C01586
3440,C06641
3441,C00877
3442,C03794
3443,C00170
3444,C01512
3445,C12460
3446,C03845
3447,C16145
3448,C21205
3449,C15970
3450,C05955
3451,C11878
3452,C20866
3453,C00975
3454,C03598
3455,C07271
3456,C16282
3457,C05690
3458,C18217
3459,C20856
3460,C03664
3461,C17961
3462,C11974
3463,C08579
3464,C00581
3465,C06459
3466,C21751
3467,C02647
3468,C07209
3469,C00638
3470,C18845
3471,C18324
3472,C05380
3473,C02587
3474,C21105
3475,C16471
3476,C15864
3477,C08580
3478,C02575
3479,C03771
3480,C11376
3481,C05637
3482,C12407
3483,C21723
3484,C00360
3485,C16394
3486,C00755
3487,C17586
3488,C20231
3489,C21027
3490,C05768
3491,C16264
3492,C11421
3493,C21233
3494,C04122
3495,C15806
3496,C00300
3497,C01894
3498,C12475
3499,C03458
3500,C15776
3501,C12467
3502,C18345
3503,C15800
3504,C21349
3505,C21265
3506,C21237
3507,C01623
3508,C07213
3509,C21408
3510,C16675
3511,C18246
3512,C16152
3513,C03167
3514,C17948
3515,C15680
3516,C11844
3517,C11449
3518,C03406
3519,C17572
3520,C04872
3521,C06318
3522,C12378
3523,C12435
3524,C03203
3525,C13273
3526,C00169
3527,C12212
3528,C18904
3529,C08057
3530,C10434
3531,C21569
3532,C04483
3533,C04327
3534,C05450
3535,C03648
3536,C03442
3537,C11405
3538,C02331
3539,C01527
3540,C05856
3541,C00735
3542,C00107
3543,C18328
3544,C12356
3545,C05135
3546,C11413
3547,C15798
3548,C20238
3549,C00847
3550,C07097
3551,C02659
3552,C17215
3553,C01450
3554,C21404
3555,C00744
3556,C20991
3557,C16162
3558,C14827
3559,C14814
3560,C01153
3561,C15974
3562,C00925
3563,C00114
3564,C01984
3565,C18112
3566,C04053
3567,C06048
3568,C21110
3569,C20639
3570,C00272
3571,C07024
3572,C18281
3573,C13620
3574,C20974
3575,C11784
3576,C15792
3577,C16533
3578,C04242
3579,C04478
3580,C21473
3581,C05668
3582,C19819
3583,C16398
3584,C00565
3585,C08616
3586,C01165
3587,C07113
3588,C01060
3589,C02199
3590,C16179
3591,C00476
3592,C01508
3593,C21640
3594,C20959
3595,C18347
3596,C12430
3597,C15860
3598,C20399
3599,C18637
3600,C17696
3601,C18282
3602,C18271
3603,C00270
3604,C04673
3605,C00415
3606,C05552
3607,C11682
3608,C05752
3609,C14815
3610,C12142
3611,C05528
3612,C00059
3613,C00500
3614,C15977
3615,C00097
3616,C02452
3617,C20192
3618,C17213
3619,C17748
3620,C05897
3621,C07338
3622,C10860
3623,C01401
3624,C20692
3625,C02266
3626,C06752
3627,C17361
3628,C00140
3629,C17542
3630,C06609
3631,C17983
3632,C00632
3633,C18247
3634,C03082
3635,C18114
3636,C20163
3637,C02394
3638,C01725
3639,C01530
3640,C20525
3641,C05976
3642,C12456
3643,C05781
3644,C05313
3645,C03240
3646,C20724
3647,C05757
3648,C20407
3649,C14582
3650,C18329
3651,C11986
3652,C16489
3653,C20062
3654,C00605
3655,C11545
3656,C19715
3657,C01118
3658,C03291
3659,C06876
3660,C18642
3661,C10443
3662,C00110
3663,C01987
3664,C16566
3665,C03590
3666,C04713
3667,C15791
3668,C11418
3669,C06153
3670,C00296
3671,C18094
3672,C21257
3673,C09812
3674,C12112
3675,C19699
3676,C05849
3677,C00412
3678,C09315
3679,C06657
3680,C20914
3681,C11988
3682,C16470
3683,C21475
3684,C19794
3685,C05751
3686,C00036
3687,C03981
3688,C00315
3689,C21268
3690,C17245
3691,C19886
3692,C12049
3693,C11634
3694,C05852
3695,C04722
3696,C18254
3697,C03383
3698,C06760
3699,C20134
3700,C03691
3701,C01094
3702,C01895
3703,C00134
3704,C05539
3705,C20303
3706,C10886
3707,C11415
3708,C01575
3709,C12408
3710,C02483
3711,C00354
3712,C05924
3713,C05665
3714,C00669
3715,C06634
3716,C01717
3717,C21295
3718,C11636
3719,C02469
3720,C11857
3721,C11150
3722,C06227
3723,C09839
3724,C05431
3725,C16641
3726,C15917
3727,C07277
3728,C04092
3729,C05594
3730,C06712
3731,C18004
3732,C17369
3733,C03064
3734,C07090
3735,C01998
3736,C02139
3737,C00218
3738,C00438
3739,C16150
3740,C02741
3741,C04646
3742,C00497
3743,C00606
3744,C18296
3745,C06250
3746,C11406
3747,C05837
3748,C01659
3749,C20857
3750,C01274
3751,C02273
3752,C17232
3753,C02686
3754,C20246
3755,C12481
3756,C06585
3757,C17223
3758,C05805
3759,C11642
3760,C11481
3761,C16325
3762,C00482
3763,C05769
3764,C17217
3765,C06454
3766,C14721
3767,C20452
3768,C00864
3769,C11982
3770,C08737
3771,C21229
3772,C21572
3773,C21308
3774,C20975
3775,C20503
3776,C01424
3777,C05922
3778,C06310
3779,C12323
3780,C12267
3781,C20941
3782,C00379
3783,C21411
3784,C16463
3785,C15684
3786,C14811
3787,C07718
3788,C08262
3789,C00227
3790,C02074
3791,C02041
3792,C17216
3793,C00618
3794,C15503
3795,C01269
3796,C04752
3797,C05526
3798,C04287
3799,C08538
3800,C18015
3801,C11938
3802,C16594
3803,C04244
3804,C05759
3805,C16397
3806,C16829
3807,C17936
3808,C00882
3809,C00090
3810,C00096
3811,C05803
3812,C12177
3813,C11811
3814,C09060
3815,C03021
3816,C12431
3817,C03820
3818,C01967
3819,C06142
3820,C05729
3821,C21338
3822,C05979
3823,C00532
3824,C21474
3825,C00026
3826,C17530
3827,C06399
3828,C21204
3829,C01946
3830,C11940
3831,C06308
3832,C18778
3833,C21227
3834,C12042
3835,C18231
3836,C16327
3837,C20522
3838,C00957
3839,C04046
3840,C00119
3841,C09762
3842,C15778
3843,C04006
3844,C18134
3845,C19971
3846,C16719
3847,C04592
3848,C19622
3849,C17646
3850,C00355
3851,C06508
3852,C05585
3853,C12673
3854,C05911
3855,C15790
3856,C19892
3857,C17218
3858,C00463
3859,C06093
3860,C09684
3861,C19961
3862,C11428
3863,C16412
3864,C01772
3865,C00942
3866,C01737
3867,C11860
3868,C00181
3869,C16311
3870,C10462
3871,C01262
3872,C00192
3873,C01152
3874,C00634
3875,C11348
3876,C06206
3877,C20815
3878,C02035
3879,C07204
3880,C02161
3881,C00029
3882,C05779
3883,C21439
3884,C01221
3885,C11927
3886,C16389
3887,C03912
3888,C07447
3889,C06650
3890,C03323
3891,C01138
3892,C05193
3893,C01218
3894,C11939
3895,C03410
3896,C09910
3897,C20575
3898,C02814
3899,C17937
3900,C02362
3901,C11145
3902,C05172
3903,C01073
3904,C16209
3905,C20512
3906,C18135
3907,C11537
3908,C05832
3909,C12429
3910,C00627
3911,C00498
3912,C04405
3913,C15769
3914,C00651
3915,C18269
3916,C07095
3917,C01219
3918,C18353
3919,C06660
3920,C16360
3921,C19698
3922,C16464
3923,C03248
3924,C12391
3925,C12322
3926,C16221
3927,C07111
3928,C12470
3929,C16540
3930,C15902
3931,C21131
3932,C14782
3933,C12377
3934,C01228
3935,C04442
3936,C01732
3937,C05453
3938,C17581
3939,C00302
3940,C18326
3941,C16272
3942,C02222
3943,C12399
3944,C06837
3945,C02730
3946,C09822
3947,C11979
3948,C00640
3949,C00052
3950,C16352
3951,C15980
3952,C15911
3953,C16483
3954,C20187
3955,C01850
3956,C05102
3957,C05838
3958,C01164
3959,C07098
3960,C11888
3961,C02220
3962,C19732
3963,C15780
3964,C11386
3965,C14097
3966,C05686
3967,C20191
3968,C19711
3969,C03239
3970,C00086
3971,C04002
3972,C14109
3973,C00558
3974,C05905
3975,C15670
3976,C08584
3977,C03824
3978,C01102
3979,C06432
3980,C00073
3981,C10700
3982,C05945
3983,C01007
3984,C05973
3985,C00266
3986,C21613
3987,C10682
3988,C01898
3989,C17366
3990,C06204
3991,C00786
3992,C01407
3993,C15567
3994,C19801
3995,C01490
3996,C06006
3997,C00189
3998,C08543
3999,C20873
4000,C18243
4001,C06556
4002,C00623
4003,C05239
4004,C07446
4005,C18285
4006,C01794
4007,C11877
4008,C04433
4009,C21230
4010,C09239
4011,C01612
4012,C03170
4013,C00254
4014,C18106
4015,C00332
4016,C16342
4017,C20447
4018,C00818
4019,C21583
4020,C06592
4021,C02530
4022,C11101
4023,C00550
4024,C05190
4025,C16467
4026,C00663
4027,C21350
4028,C12419
4029,C01212
4030,C21166
4031,C06041
4032,C19615
4033,C21760
4034,C01045
4035,C12324
4036,C11920
4037,C19937
4038,C21199
4039,C15996
4040,C13454
4041,C20711
4042,C18309
4043,C00118
4044,C00414
4045,C04618
4046,C00561
4047,C06690
4048,C10447
4049,C15789
4050,C02671
4051,C03461
4052,C00992
4053,C01074
4054,C04281
4055,C11555
4056,C15857
4057,C06510
4058,C02462
4059,C15908
4060,C12369
4061,C21242
4062,C17622
4063,C05576
4064,C01630
4065,C02492
4066,C16468
4067,C05103
4068,C01182
4069,C18119
4070,C02954
4071,C05194
4072,C20878
4073,C05557
4074,C18129
4075,C05963
4076,C03997
4077,C00072
4078,C09811
4079,C00064
4080,C16346
4081,C20917
4082,C01546
4083,C21087
4084,C20121
4085,C18122
4086,C12440
4087,C07215
4088,C12442
4089,C04454
4090,C17231
4091,C14091
4092,C17662
4093,C05600
4094,C17022
4095,C03366
4096,C16204
4097,C00397
4098,C14767
4099,C16163
4100,C04501
4101,C17977
4102,C17989
4103,C19418
4104,C00162
4105,C06763
4106,C19614
4107,C18115
4108,C21015
4109,C04314
4110,C01001
4111,C11414
4112,C12030
4113,C16218
4114,C11854
4115,C04559
4116,C13433
4117,C06201
4118,C00024
4119,C15781
4120,C21125
4121,C04477
4122,C00268
4123,C12390
4124,C00791
4125,C05143
4126,C21328
4127,C18244
4128,C02059
4129,C20353
4130,C11855
4131,C20466
4132,C17027
4133,C18174
4134,C01170
4135,C14180
4136,C00237
4137,C16356
4138,C19918
4139,C06678
4140,C19760
4141,C20239
4142,C12412
4143,C06615
4144,C11958
4145,C11403
4146,C13636
4147,C21582
4148,C16484
4149,C11673
4150,C00409
4151,C06645
4152,C00853
4153,C14723
4154,C12375
4155,C05715
4156,C07731
4157,C20403
4158,C05980
4159,C12622
4160,C00854
4161,C11889
4162,C05642
4163,C00338
4164,C04315
4165,C05933
4166,C01514
4167,C18049
4168,C04148
4169,C07189
4170,C20775
4171,C00990
4172,C12398
4173,C06307
4174,C01557
4175,C02765
4176,C01925
4177,C11422
4178,C16753
4179,C16613
4180,C12423
4181,C07027
4182,C04180
4183,C18334
4184,C04106
4185,C06143
4186,C11672
4187,C08734
4188,C00673
4189,C03057
4190,C03885
4191,C00468
4192,C06400
4193,C06028
4194,C00534
4195,C19621
4196,C17352
4197,C07480
4198,C07732
4199,C16203
4200,C00547
4201,C16392
4202,C06104
4203,C06535
4204,C06192
4205,C00234
4206,C05952
4207,C12837
4208,C01251
4209,C21306
4210,C04089
4211,C11417
4212,C14725
4213,C21431
4214,C00852
4215,C04767
4216,C17253
4217,C04536
4218,C20680
4219,C19846
4220,C03594
4221,C21073
4222,C03127
4223,C21433
4224,C17942
4225,C18265
4226,C17556
4227,C00880
4228,C01211
4229,C06462
4230,C12373
4231,C05682
4232,C09769
4233,C06377
4234,C18000
4235,C16165
4236,C01046
4237,C11937
4238,C03943
4239,C16148
4240,C11436
4241,C07028
4242,C07085
4243,C21412
4244,C17248
4245,C01284
4246,C11989
4247,C13624
4248,C19081
4249,C09094
4250,C17358
4251,C01264
4252,C18293
4253,C18029
4254,C20387
4255,C09306
4256,C16219
4257,C14821
4258,C16465
4259,C17711
4260,C18302
4261,C05516
4262,C03546
4263,C11870
4264,C17359
4265,C18030
4266,C03586
4267,C04438
4268,C19719
4269,C03557
4270,C01368
4271,C16635
4272,C02930
4273,C06175
4274,C08325
4275,C11911
4276,C11965
4277,C00780
4278,C00258
4279,C02124
4280,C07092
4281,C16567
4282,C04260
4283,C21008
4284,C11968
4285,C02183
4286,C16620
4287,C05851
4288,C21198
4289,C11520
4290,C06642
4291,C05618
4292,C00958
4293,C17355
4294,C21362
4295,C03579
4296,C04462
4297,C00472
4298,C03440
4299,C14088
4300,C05361
4301,C06319
4302,C00504
4303,C17233
4304,C06892
4305,C12387
4306,C07214
4307,C00473
4308,C16324
4309,C05524
4310,C06757
4311,C12204
4312,C18096
4313,C08061
4314,C04633
4315,C05842
4316,C21315
4317,C20818
4318,C05571
4319,C05235
4320,C11933
4321,C06551
4322,C06322
4323,C05262
4324,C15942
4325,C10865
4326,C20683
4327,C00051
4328,C16443
4329,C02162
4330,C20530
4331,C12421
4332,C01205
4333,C16180
4334,C11635
4335,C04844
4336,C01080
4337,C03516
4338,C12137
4339,C20918
4340,C00395
4341,C16291
4342,C00253
4343,C20508
4344,C11890
4345,C12416
4346,C06022
4347,C06473
4348,C07880
4349,C00876
4350,C21348
4351,C01019
4352,C06568
4353,C12038
4354,C02061
4355,C00085
4356,C16701
4357,C01678
4358,C15613
4359,C03933
4360,C11849
4361,C06046
4362,C16411
4363,C12427
4364,C09332
4365,C11987
4366,C16362
4367,C01697
4368,C05942
4369,C00166
4370,C07349
4371,C03892
4372,C20813
4373,C09241
4374,C04563
4375,C17250
4376,C18272
4377,C20542
4378,C17744
4379,C16220
4380,C11865
4381,C12151
4382,C21430
4383,C00334
4384,C14101
4385,C20566
4386,C04554
4387,C16154
4388,C11912
4389,C00004
4390,C05908
4391,C01236
4392,C19749
4393,C19155
4394,C03672
4395,C15652
4396,C05414
4397,C21435
4398,C18163
4399,C16472
4400,C05269
4401,C05936
4402,C00100
4403,C16532
4404,C01215
4405,C21275
4406,C14179
4407,C02353
4408,C01123
4409,C11612
4410,C02485
4411,C04324
4412,C12455
4413,C02800
4414,C18905
4415,C12833
4416,C08614
4417,C01745
4418,C00808
4419,C15900
4420,C14093
4421,C08276
4422,C17986
4423,C18211
4424,C21630
4425,C14103
4426,C00366
4427,C00835
4428,C07478
4429,C21573
4430,C11991
4431,C01912
4432,C16363
4433,C16486
4434,C20361
4435,C00394
4436,C02123
4437,C12468
4438,C14085
4439,C00976
4440,C17945
4441,C04349
4442,C06730
4443,C05714
4444,C17954
4445,C04480
4446,C05512
4447,C16340
4448,C00502
4449,C19972
4450,C20553
4451,C00511
4452,C05247
4453,C20869
4454,C15804
4455,C01209
4456,C20251
4457,C08733
4458,C05949
4459,C21031
4460,C12406
4461,C00164
4462,C00583
4463,C02172
4464,C08320
4465,C19686
4466,C00156
4467,C00400
4468,C00058
4469,C06723
4470,C21477
4471,C16186
4472,C04457
4473,C18016
4474,C01355
4475,C16754
4476,C16214
4477,C01804
4478,C16060
4479,C16466
4480,C01852
4481,C03296
4482,C15820
4483,C16326
4484,C18242
4485,C18116
4486,C01291
4487,C16199
4488,C20681
4489,C15987
4490,C00666
4491,C02702
4492,C21085
4493,C05375
4494,C17357
4495,C18241
4496,C00149
4497,C05356
4498,C20582
4499,C05689
4500,C21259
4501,C05460
4502,C21415
4503,C00431
4504,C14771
4505,C00104
4506,C06672
4507,C16542
4508,C16300
4509,C20601
4510,C12144
4511,C01879
4512,C04691
4513,C20773
4514,C03267
4515,C06305
4516,C00204
4517,C07096
4518,C21232
4519,C00695
4520,C00320
4521,C11916
4522,C03393
4523,C02137
4524,C00641
4525,C21201
4526,C18323
4527,C05598
4528,C11396
4529,C04114
4530,C05335
4531,C11412
4532,C20955
4533,C21266
4534,C04051
4535,C20875
4536,C16246
4537,C05810
4538,C17737
4539,C02614
4540,C05587
4541,C20927
4542,C02400
4543,C18710
4544,C18228
4545,C06586
4546,C11945
4547,C17246
4548,C05619
4549,C00492
4550,C16187
4551,C05439
4552,C10516
4553,C06557
4554,C04729
4555,C21571
4556,C04133
4557,C06504
4558,C00424
4559,C20563
4560,C14118
4561,C20550
4562,C12109
4563,C12092
4564,C06089
4565,C05371
4566,C21239
4567,C05271
4568,C11871
4569,C18156
4570,C11038
4571,C20504
4572,C20419
4573,C20572
4574,C18102
4575,C06051
4576,C21643
4577,C03680
4578,C01114
4579,C03325
4580,C21261
4581,C21243
4582,C08062
4583,C18126
4584,C18307
4585,C11469
4586,C06561
4587,C02526
4588,C02906
4589,C16663
4590,C13482
4591,C00628
4592,C20400
4593,C00879
4594,C18006
4595,C20583
4596,C21251
4597,C06177
4598,C01068
4599,C20278
4600,C09818
4601,C07479
4602,C05893
4603,C00005
4604,C01417
4605,C03125
4606,C06813
4607,C15874
4608,C01040
4609,C06729
4610,C20350
4611,C00208
4612,C20418
4613,C00376
4614,C11384
4615,C03561
4616,C06251
4617,C11894
4618,C16338
4619,C05684
4620,C07726
4621,C17583
4622,C03351
4623,C21307
4624,C05662
4625,C16543
4626,C02949
4627,C18837
4628,C00961
4629,C12483
4630,C01801
4631,C16364
4632,C00019
4633,C08540
4634,C06037
4635,C00783
4636,C01089
4637,C00137
4638,C03460
4639,C09847
4640,C04520
4641,C21221
4642,C06038
4643,C15936
4644,C01242
4645,C12838
4646,C06044
4647,C12424
4648,C17339
4649,C20760
4650,C21075
4651,C05927
4652,C06185
4653,C17243
4654,C00043
4655,C01684
4656,C00352
4657,C11526
4658,C00054
4659,C00178
4660,C00146
4661,C04822
4662,C08539
4663,C00793
4664,C00221
4665,C14148
4666,C00645
4667,C05640
4668,C00301
4669,C07667
4670,C15976
4671,C00191
4672,C11431
4673,C00255
4674,C00330
4675,C11425
4676,C00898
4677,C06638
4678,C11641
4679,C08591
4680,C05443
4681,C13634
4682,C00512
4683,C11862
4684,C16519
4685,C02412
4686,C15982
4687,C18275
4688,C07100
4689,C17562
4690,C05655
4691,C18635
4692,C14154
4693,C16144
4694,C06240
4695,C11881
4696,C00148
4697,C21106
4698,C16331
4699,C00356
4700,C00213
4701,C00459
4702,C01673
4703,C02226
4704,C16401
4705,C02165
4706,C21028
4707,C12471
4708,C01222
4709,C18172
4710,C15556
4711,C16286
4712,C06426
4713,C01083
4714,C04717
4715,C05631
4716,C20384
4717,C16474
4718,C01962
4719,C18351
4720,C11960
4721,C17558
4722,C05894
4723,C00037
4724,C18103
4725,C02947
4726,C00322
4727,C05402
4728,C15965
4729,C02656
4730,C00750
4731,C03012
4732,C17580
4733,C02140
4734,C02380
4735,C02714
4736,C06030
4737,C19682
4738,C00245
4739,C20137
4740,C06639
4741,C20441
4742,C03758
4743,C21156
4744,C15877
4745,C16565
4746,C17327
4747,C00283
4748,C05338
4749,C12834
4750,C06027
4751,C11397
4752,C18295
4753,C05827
4754,C05996
4755,C01822
4756,C18634
4757,C11388
4758,C00588
4759,C00151
4760,C15795
4761,C01050
4762,C16709
4763,C05944
4764,C20653
4765,C16432
4766,C17950
4767,C14836
4768,C18313
4769,C00313
4770,C02170
4771,C00842
4772,C21138
4773,C17726
4774,C11812
4775,C01326
4776,C01149
4777,C16933
4778,C19151
4779,C00223
4780,C09816
4781,C12127
4782,C05763
4783,C05577
4784,C16473
4785,C19960
4786,C17947
4787,C16317
4788,C19630
4789,C10738
4790,C00369
4791,C02977
4792,C06580
4793,C16623
4794,C14809
4795,C00751
4796,C16359
4797,C03219
4798,C00039
4799,C00198
4800,C18219
4801,C12428
4802,C20982
4803,C16695
4804,C12381
4805,C00187
4806,C09665
4807,C00398
4808,C02960
4809,C18838
4810,C20258
4811,C02512
4812,C05435
4813,C12402
4814,C05797
4815,C11218
4816,C16630
4817,C09704
4818,C16848
4819,C05994
4820,C15914
4821,C20424
4822,C16707
4823,C20265
4824,C05658
4825,C20186
4826,C21358
4827,C00158
4828,C07909
4829,C01273
4830,C12312
4831,C18276
4832,C11174
4833,C14834
4834,C15809
4835,C00362
4836,C20816
4837,C00130
4838,C01061
4839,C18022
4840,C03939
4841,C05954
4842,C19863
4843,C05595
4844,C11398
4845,C19848
4846,C00555
4847,C00147
4848,C18893
4849,C02371
4850,C21382
4851,C02356
4852,C01081
4853,C16284
4854,C20911
4855,C11807
4856,C04079
4857,C00235
4858,C00226
4859,C18161
4860,C20443
4861,C12314
4862,C21070
4863,C06503
4864,C04121
4865,C21758
4866,C21442
4867,C05316
4868,C00121
4869,C18249
4870,C15971
4871,C16488
4872,C18632
4873,C16196
4874,C05639
4875,C00077
4876,C21754
4877,C12417
4878,C11516
4879,C06052
4880,C03231
4881,C00535
4882,C16482
4883,C12463
4884,C12472
4885,C12379
4886,C21449
4887,C05762
4888,C06789
4889,C16564
4890,C06165
4891,C04062
4892,C15647
4893,C17241
4894,C16400
4895,C15606
4896,C12348
4897,C00099
4898,C05950
4899,C00845
4900,C16182
4901,C21453
4902,C00734
4903,C19939
4904,C03004
4905,C00900
4906,C12457
4907,C02984
4908,C06481
4909,C04468
4910,C05786
4911,C04630
4912,C00229
4913,C16516
4914,C11544
4915,C00025
4916,C18316
4917,C00517
4918,C20314
4919,C03149
4920,C16413
4921,C07216
4922,C00021
4923,C07030
4924,C07276
4925,C05773
4926,C21277
4927,C18318
4928,C02937
4929,C11977
4930,C14450
4931,C04522
4932,C00483
4933,C13635
4934,C19745
4935,C20950
4936,C05544
4937,C18260
4938,C05265
4939,C20221
4940,C01004
4941,C05582
4942,C20082
4943,C05604
4944,C01931
4945,C08830
4946,C00489
4947,C02271
4948,C04022
4949,C00688
4950,C02519
4951,C15861
4952,C16999
4953,C19673
4954,C12215
4955,C12382
4956,C00095
4957,C06070
4958,C11681
4959,C13631
4960,C21318
4961,C11808
4962,C00888
4963,C16166
4964,C21104
4965,C11858
4966,C13768
4967,C00531
4968,C17658
4969,C18359
4970,C01540
4971,C06576
4972,C16147
4973,C06558
4974,C14314
4975,C03719
4976,C00570
4977,C17698
4978,C02457
4979,C20351
4980,C02094
4981,C01433
4982,C01097
4983,C15975
4984,C14835
4985,C02370
4986,C18033
4987,C01380
4988,C19596
4989,C00288
4990,C00165
4991,C03029
4992,C00788
4993,C16698
4994,C04361
4995,C06594
4996,C03360
4997,C06320
4998,C11430
4999,C03434
5000,C00470
5001,C05653
5002,C11897
5003,C16215
5004,C01096
5005,C12404
5006,C19706
5007,C20545
5008,C16513
5009,C07712
5010,C00509
5011,C06577
5012,C02631
5013,C20841
5014,C14151
5015,C18032
5016,C02700
5017,C16321
5018,C00954
5019,C01301
5020,C04807
5021,C21217
5022,C06677
5023,C00530
5024,C16358
5025,C04216
5026,C00490
5027,C14819
5028,C06112
5029,C16699
5030,C21262
5031,C18711
5032,C01451
5033,C20825
5034,C03300
5035,C09844
5036,C05300
5037,C00299
5038,C20267
5039,C00848
5040,C04282
5041,C04558
5042,C00081
5043,C20509
5044,C04352
5045,C06633
